"RelativePath","Bytes","SHA256"
"REFERENCES\BASELINE_INPUTS\101_BEAM_B4_LE\ANALYSIS.dat","321","43218D3615B34915899E6436F4BB04FE7F297F9056DA9CB3266CE76027D37378"
"REFERENCES\BASELINE_INPUTS\101_BEAM_B4_LE\BC.dat","497","4CA7BEDEFD9F44EE0B4DB8B3FFDF7E1AE0B6DD99B1581C4D5F446F91CF98CC1E"
"REFERENCES\BASELINE_INPUTS\101_BEAM_B4_LE\CONNECTIVITY.dat","133","6D75C19AC2E0B7112AEDF34B03EB27E3A2F0CB419CAB101269B653D9EE851A88"
"REFERENCES\BASELINE_INPUTS\101_BEAM_B4_LE\EXP_CONN_01.dat","85","4CA3B3CE595B5BFCDE84E7E2DF996CAA807E325CBE1827EBC2EAC117B883049F"
"REFERENCES\BASELINE_INPUTS\101_BEAM_B4_LE\EXP_MESH_01.dat","655","FC465EB2FE344FDCF4162F8DA871936F306A37833F89DD80D44975F5D2178200"
"REFERENCES\BASELINE_INPUTS\101_BEAM_B4_LE\FIELDS.dat","201","26713F943B41013E0248D5B7B78AB60F188FADD1D60A395DB80ED8B744C48B79"
"REFERENCES\BASELINE_INPUTS\101_BEAM_B4_LE\LAMINATION.dat","131","620DA5A9CDA39014CA91945DDE8428E0ABC7A78AC1B3DD4BB62A732C82DC2FF1"
"REFERENCES\BASELINE_INPUTS\101_BEAM_B4_LE\MATERIAL.dat","1269","04A8193CA79E4581040E2DB41BFD79297E3ED822D50A4D561C06066213F77CA1"
"REFERENCES\BASELINE_INPUTS\101_BEAM_B4_LE\NODES.dat","661","0AC3ACA65FBBAEB0159ABFBE5BCB8741AC8CA37E3E6820BB8E0A395D1D46425B"
"REFERENCES\BASELINE_INPUTS\101_BEAM_B4_LE\POSTPROCESSING.dat","109","96ECF5295E434D065F7F8794E2CC03292015FA73DEB9E8BD8256AF69C1DD3608"
"REFERENCES\BASELINE_INPUTS\101_BEAM_B4_LE\VERSORS.dat","49","BA0627AD91A9FAEA19E270E0588BC9E3730C3F3C38947B74669D7A13EA379F10"
"REFERENCES\BASELINE_INPUTS\101_PLATE_Q9_LE\ANALYSIS.dat","342","07C1989BFBF98DE6DA0CE4EC2AFD568AEA23F2B50E9AE2FFEB3CB48C551F5A54"
"REFERENCES\BASELINE_INPUTS\101_PLATE_Q9_LE\BC.dat","1038","50375F0E59B4FF373706DA2838219A2F3406E77DCF71BF8278D943CE1606D378"
"REFERENCES\BASELINE_INPUTS\101_PLATE_Q9_LE\CONNECTIVITY.dat","331","0844C6DABD284CD4F34902D725F2A4038D31C93E7694400088B6E8C0E50ECFDB"
"REFERENCES\BASELINE_INPUTS\101_PLATE_Q9_LE\EXP_CONN_01.dat","39","2E9E574483D4FC85848325BC42FBDF0E4458061636FCB13EFBF2630463FD4A72"
"REFERENCES\BASELINE_INPUTS\101_PLATE_Q9_LE\EXP_MESH_01.dat","129","9D95A1133A11A038D2F115D4A3A7C5697AA197C918734636F46C830497477E9B"
"REFERENCES\BASELINE_INPUTS\101_PLATE_Q9_LE\FIELDS.dat","183","B8B359D611BE5B11DDE942EFE3C8437AE30A9E7AD8C6C33875F28153BC33A209"
"REFERENCES\BASELINE_INPUTS\101_PLATE_Q9_LE\LAMINATION.dat","42","50DD1501674D26EB6E9E951A2335F1C066D72F26C42358F1A5B54B0E6CD3F9E3"
"REFERENCES\BASELINE_INPUTS\101_PLATE_Q9_LE\MATERIAL.dat","57","0768F70A5EFA23BA21DBEBE29E16EBAB5229649A94CA0EDF39D75336A0C62E53"
"REFERENCES\BASELINE_INPUTS\101_PLATE_Q9_LE\NODES.dat","1734","D18A0AD4B14D82AFF662940DDFEFFA6F710E3D2DA6C4472332EA9DA040DFEB9B"
"REFERENCES\BASELINE_INPUTS\101_PLATE_Q9_LE\POSTPROCESSING.dat","305","681FE1535D956F32D24DC41A8B7D6934850F1606434963033C9E58CBDFD31D25"
"REFERENCES\BASELINE_INPUTS\101_PLATE_Q9_LE\VERSORS.dat","71","A3AD728474DB01CD4D37F53C50A70C9D06A95DB4734684587E75EF58382CD77B"
"REFERENCES\BASELINE_INPUTS\103_BEAM_B4_LE_DERIVED\ANALYSIS.dat","321","78B1A9D3A9C5D5E54CF31BC406A2425F97DD08CE7609740E19C6989C21960A21"
"REFERENCES\BASELINE_INPUTS\103_BEAM_B4_LE_DERIVED\BC.dat","497","4CA7BEDEFD9F44EE0B4DB8B3FFDF7E1AE0B6DD99B1581C4D5F446F91CF98CC1E"
"REFERENCES\BASELINE_INPUTS\103_BEAM_B4_LE_DERIVED\CONNECTIVITY.dat","133","6D75C19AC2E0B7112AEDF34B03EB27E3A2F0CB419CAB101269B653D9EE851A88"
"REFERENCES\BASELINE_INPUTS\103_BEAM_B4_LE_DERIVED\EXP_CONN_01.dat","85","4CA3B3CE595B5BFCDE84E7E2DF996CAA807E325CBE1827EBC2EAC117B883049F"
"REFERENCES\BASELINE_INPUTS\103_BEAM_B4_LE_DERIVED\EXP_MESH_01.dat","655","FC465EB2FE344FDCF4162F8DA871936F306A37833F89DD80D44975F5D2178200"
"REFERENCES\BASELINE_INPUTS\103_BEAM_B4_LE_DERIVED\FIELDS.dat","201","26713F943B41013E0248D5B7B78AB60F188FADD1D60A395DB80ED8B744C48B79"
"REFERENCES\BASELINE_INPUTS\103_BEAM_B4_LE_DERIVED\LAMINATION.dat","131","620DA5A9CDA39014CA91945DDE8428E0ABC7A78AC1B3DD4BB62A732C82DC2FF1"
"REFERENCES\BASELINE_INPUTS\103_BEAM_B4_LE_DERIVED\MATERIAL.dat","1269","04A8193CA79E4581040E2DB41BFD79297E3ED822D50A4D561C06066213F77CA1"
"REFERENCES\BASELINE_INPUTS\103_BEAM_B4_LE_DERIVED\NODES.dat","661","0AC3ACA65FBBAEB0159ABFBE5BCB8741AC8CA37E3E6820BB8E0A395D1D46425B"
"REFERENCES\BASELINE_INPUTS\103_BEAM_B4_LE_DERIVED\POSTPROCESSING.dat","104","6BF1E59053405D03B2C4C00ABD7690A33464F457DB6FB4442AA1830022DF4FAC"
"REFERENCES\BASELINE_INPUTS\103_BEAM_B4_LE_DERIVED\VERSORS.dat","49","BA0627AD91A9FAEA19E270E0588BC9E3730C3F3C38947B74669D7A13EA379F10"
"REFERENCES\BASELINE_INPUTS\INPUT_1d_2d_3d\ANALYSIS.dat","334","3425512FC51B676E237EC4DD64FB9B2A2CECF41F22FF2AE3CA4F1874F8E68CA8"
"REFERENCES\BASELINE_INPUTS\INPUT_1d_2d_3d\BC.dat","959","C1A761F42AAE62978BA4394D3F010B0F787D443E5B3B9C1236684A3FA622B170"
"REFERENCES\BASELINE_INPUTS\INPUT_1d_2d_3d\CONNECTIVITY.dat","425","6BEB597C348CB1BFEFC375EDBD6A398B36C4E89C3FF98B0CC48F5AD26AFD2181"
"REFERENCES\BASELINE_INPUTS\INPUT_1d_2d_3d\EXP_CONN_01.dat","34","E5397647AE686855260735D8D78D9FA05615441EEE2BFD41C0CB4B26D62F2414"
"REFERENCES\BASELINE_INPUTS\INPUT_1d_2d_3d\EXP_CONN_02.dat","52","73765D113E8D2A094ABC9C64CA63BB8E07F01A0437083E1F7968A960C29309DF"
"REFERENCES\BASELINE_INPUTS\INPUT_1d_2d_3d\EXP_CONN_03.dat","29","D750F6141942C9F027614B1A6541550DA6E7E90341A3061B050F95137EB2F333"
"REFERENCES\BASELINE_INPUTS\INPUT_1d_2d_3d\EXP_MESH_01.dat","152","BA5B3D7F70CFFE8FA3C9BFF77A17E1B37DB8DE7E7ABB73C5C7E48131F0F2B739"
"REFERENCES\BASELINE_INPUTS\INPUT_1d_2d_3d\EXP_MESH_02.dat","441","83297E9BC18DAC35EAB169D5BF0BC2CE0D97B991312477C09FD85F5A201BDEE3"
"REFERENCES\BASELINE_INPUTS\INPUT_1d_2d_3d\EXP_MESH_03.dat","55","8D81AC3A5AD88EE5EBDEF656C5E01E28C3A140872CD64EC8FB904225E2B9797B"
"REFERENCES\BASELINE_INPUTS\INPUT_1d_2d_3d\FIELDS.dat","183","B8B359D611BE5B11DDE942EFE3C8437AE30A9E7AD8C6C33875F28153BC33A209"
"REFERENCES\BASELINE_INPUTS\INPUT_1d_2d_3d\LAMINATION.dat","82","A750B605320A1AC4F9E88C4E9A96C74DD272A9B24A6EF209C20A033C532EAEA9"
"REFERENCES\BASELINE_INPUTS\INPUT_1d_2d_3d\MATERIAL.dat","629","CFC6BF32D00834FEB11917160246279EA23F2746E8D832BA76CCFCDC9623DB31"
"REFERENCES\BASELINE_INPUTS\INPUT_1d_2d_3d\NODES.dat","3554","78CB3619FE85B5812FE1270B2CBBFD28D3E13692A7781C1CBCB2BADD38635A6A"
"REFERENCES\BASELINE_INPUTS\INPUT_1d_2d_3d\POSTPROCESSING.dat","138","5F0EA3143351D2B43B448F982B41C8F05F460A8F3597257E406FEE3E7381A2FF"
"REFERENCES\BASELINE_INPUTS\INPUT_1d_2d_3d\TIME_RESP.dat","584","69FE6B8BBAE58308A82D41A1E0F3B92D2C960C80DAEFB053558552C42DE6C801"
"REFERENCES\BASELINE_INPUTS\INPUT_1d_2d_3d\VERSORS.dat","121","F5801EA3166ED950F975E96DADF499C366A9D5CE21B70AC9671BDC3592BD8C1B"
"REFERENCES\GOLDEN\101_BEAM_B4_LE\STATIC\POST_POINT.dat","1666","4AEA6941823A269855D83484933FA409DF9218FFB6C4AD4BA60AF0B3E01E69DE"
"REFERENCES\GOLDEN\101_BEAM_B4_LE\STATIC\RESULTS_PARA_01.vtk","190312","0F979A7C00E9547056D800D798E161EDFF7C7D0D6BA45EFD37BF50FEC00481C9"
"REFERENCES\GOLDEN\101_BEAM_B4_LE\WORK\FORCES.dat","22230","F31C2ABC091593A24816F15E813F4C0B193F9373C5010D67C97708C007D711D9"
"REFERENCES\GOLDEN\101_BEAM_B4_LE\WORK\K_MAT.dat","4004650","014F16061894A1B1266E7C5D08937390F0F5673F3109552E74C1ED994B817ACA"
"REFERENCES\GOLDEN\101_BEAM_B4_LE\WORK\UNKNOWN.dat","22230","01FC820F50B558BACA103376762308FD1F17E904496DB4653FD9873CF11ECFD7"
"REFERENCES\GOLDEN\101_PLATE_Q9_LE\STATIC\POST_POINT.dat","2499","88C9E4835AD1CF92D49A81D7041EEF73A7A0C8E4481DA23C4FF54553B9EC29D6"
"REFERENCES\GOLDEN\101_PLATE_Q9_LE\STATIC\RESULTS_PARA_01.vtk","95896","4460997F17092C520378C87EEE7E5D9BA5B4A80BE402CBAAA5FC7F87E72AA627"
"REFERENCES\GOLDEN\101_PLATE_Q9_LE\STATIC\RESULTS_PARA_02.vtk","2550712","44AB373FF4F005B5D3A537C7530E8F1550F19BD4BE9E0FE8D51E740BAF41D301"
"REFERENCES\GOLDEN\101_PLATE_Q9_LE\WORK\FORCES.dat","5130","BACB7A9341D816757C938F223A4F71EA49AF87068E1F032F11EC1AAB60D331DA"
"REFERENCES\GOLDEN\101_PLATE_Q9_LE\WORK\K_MAT.dat","480850","5CD0DB9BF9461FE86B7D41F15EDFD8F7D7A36839B1576EC0D414EE322B05B3B0"
"REFERENCES\GOLDEN\101_PLATE_Q9_LE\WORK\UNKNOWN.dat","5130","053D360D58391D549857C36AD40566EDC755C2ED12F45C433C1979222F74E21E"
"REFERENCES\GOLDEN\103_BEAM_B4_LE_DERIVED\DYNAMIC\FREQUENCIES.dat","860","D304A001F75FDFA388B1947D4C65EE9798134C902E0135B2ED8EDA34CC34F8D3"
"REFERENCES\GOLDEN\103_BEAM_B4_LE_DERIVED\DYNAMIC\RESULTS_DYN_GMSH.msh","374622","9D9914597FF05EE905A6AD7FA92B8852D594949277BB4F1B32058505CDD562B8"
"REFERENCES\GOLDEN\103_BEAM_B4_LE_DERIVED\DYNAMIC\RESULTS_DYN_PARA.vtk","332459","279E21EC6BDE172387DFBCE4678248CB67CD434A078218C4DC9F481A527D9E39"
"REFERENCES\GOLDEN\103_BEAM_B4_LE_DERIVED\WORK\ARPACK_SOLVER_INFO.dat","1708","5B4CFD790A3C13626237C1A5C1D6D8F9493851D0D3E748FE50C73C042BC33374"
"REFERENCES\GOLDEN\103_BEAM_B4_LE_DERIVED\WORK\K_MAT.dat","4004650","014F16061894A1B1266E7C5D08937390F0F5673F3109552E74C1ED994B817ACA"
"REFERENCES\GOLDEN\103_BEAM_B4_LE_DERIVED\WORK\M_MAT.dat","1399950","7348A9F9FC77F9BCA358230ED982B1F41A3A45FF19D9E4ECDE2C76B05D6E0767"
"REFERENCES\GOLDEN\INPUT_1d_2d_3d\REPORT\WARNING_file.dat","148","3D19633832A2AB89DA2AF14B7605135353192B51916E51F32AB671C10FA6CC92"
"REFERENCES\GOLDEN\INPUT_1d_2d_3d\STATIC\POST_POINT.dat","2499","FB650EABD751963491DDB13E85CE38A4E73ABD224051DC2D93ECFE044468363D"
"REFERENCES\GOLDEN\INPUT_1d_2d_3d\STATIC\RESULTS_PARA_01.vtk","72292","CDC781C16D93BE433E824DEF3E46F9842D6E6C71CD6447599DF0CDD5A9748B89"
"REFERENCES\README.md","708","036DB9335BABE5F02BA43BE9F5907F564B9A64E812F38C49DFAE9D66696B6311"
